{
  "accuracy": 0.6111111111111112,
  "f1_macro": 0.5962962962962962
}
